_segment,_spec_id,econ,loc,glob
X,Spec1,0.14166666666666666,0.8648648648648649,0.3333333333333333
X,Spec2,0.14166666666666666,0.8108108108108109,0.3333333333333333
X,Spec3,0.14166666666666666,1.0,0.5
X,Spec4,0.14166666666666666,0.7837837837837838,0.5714285714285714
X,Spec5,0.14166666666666666,0.7837837837837838,0.25
X,Spec6,0.14166666666666666,0.6756756756756757,0.4
X,Spec7,0.14166666666666666,0.8378378378378378,0.4
X,Spec8,0.14166666666666666,0.7297297297297297,0.09090909090909091
