_segment,_spec_id,econ,loc,glob
X,Spec1,0.14166666666666666,0.8918918918918919,0.75
X,Spec2,0.14166666666666666,0.7837837837837838,0.7142857142857143
X,Spec3,0.14166666666666666,,
X,Spec4,0.14166666666666666,0.8108108108108109,0.6666666666666666
X,Spec5,0.14166666666666666,0.8378378378378378,0.0
X,Spec6,0.14166666666666666,0.7297297297297297,0.18181818181818182
X,Spec7,0.14166666666666666,0.8918918918918919,0.5
X,Spec8,0.14166666666666666,0.7837837837837838,0.25
