_segment,_spec_id,econ,loc,glob
X,Spec1,0.14166666666666666,0.7567567567567568,0.8333333333333334
X,Spec2,0.14166666666666666,0.7027027027027027,0.38461538461538464
X,Spec3,0.029880478087649404,0.5757575757575758,0.64
X,Spec4,0.029880478087649404,0.6060606060606061,0.56
X,Spec5,0.14166666666666666,0.7837837837837838,0.7142857142857143
X,Spec6,0.06477732793522267,0.6060606060606061,0.38095238095238093
X,Spec7,0.06477732793522267,0.6060606060606061,0.38095238095238093
X,Spec8,0.06477732793522267,0.5757575757575758,0.5238095238095238
