_segment,_spec_id,econ,loc,glob
X,Spec1,0.14166666666666666,0.7567567567567568,0.6666666666666666
X,Spec2,0.14166666666666666,0.7027027027027027,0.23076923076923078
X,Spec3,0.029880478087649404,0.5757575757575758,0.6
X,Spec4,0.029880478087649404,0.6060606060606061,0.52
X,Spec5,0.14166666666666666,0.7837837837837838,0.5714285714285714
X,Spec6,0.06477732793522267,0.6060606060606061,0.3333333333333333
X,Spec7,0.06477732793522267,0.6060606060606061,0.23809523809523808
X,Spec8,0.06477732793522267,0.5757575757575758,0.42857142857142855
